Year,legend,Afghanistan,Albania,Algeria,Andorra,Angola,Antigua and Barbuda,Argentina,Armenia,Australia,Austria,Azerbaijan,Bahamas,Bahrain,Bangladesh,Barbados,Belarus,Belgium,Belize,Benin,Bhutan,Bolivia,Bosnia and Herzegovina,Botswana,Brazil,Brunei,Bulgaria,Burkina Faso,Burundi,Cambodia,Cameroon,Canada,Cape Verde,Central African Republic,Chad,Chile,China,Colombia,Comoros,Congo (Brazzaville),Congo (Kinshasa),Costa Rica,Côte d'Ivoire,Crimea,Croatia,Cuba,Cyprus,Cyprus (Turkish),Czech Republic,Czechoslovakia,Denmark,Djibouti,Dominica,Dominican Republic,Ecuador,Egypt,El Salvador,Equatorial Guinea,Eritrea,Estonia,Ethiopia,Fiji,Finland,France,Gabon,Georgia,Germany,"Germany, East","Germany, West",Ghana,Greece,Grenada,Guatemala,Guinea,GuineaBissau,Guyana,Haiti,Honduras,Hong Kong,Hungary,Iceland,India,Indonesia,Iran,Iraq,Ireland,Israel,IsraeliOccupied Territories and Palestinian Authority,Italy,Jamaica,Japan,Jordan,Kazakhstan,Kenya,Kiribati,Kosovo,Kuwait,Kyrgyzstan,Laos,Latvia,Lebanon,Lesotho,Liberia,Libya,Liechtenstein,Lithuania,Luxembourg,Macedonia,Madagascar,Malawi,Malaysia,Maldives,Mali,Malta,Marshall Islands,Mauritania,Mauritius,Mexico,Micronesia,Moldova,Monaco,Mongolia,Montenegro,Morocco,Mozambique,Myanmar,Namibia,Nauru,Nepal,Netherlands,New Zealand,Nicaragua,Niger,Nigeria,North Korea,Norway,Oman,Pakistan,Palau,Panama,Papua New Guinea,Paraguay,Peru,Philippines,Poland,Portugal,Qatar,Romania,Russia,Rwanda,Saint Kitts and Nevis,Saint Lucia,Saint Vincent and the Grenadines,Samoa,San Marino,São Tomé and Príncipe,Saudi Arabia,Senegal,Serbia,Serbia and Montenegro,Seychelles,Sierra Leone,Singapore,Slovakia,Slovenia,Solomon Islands,Somalia,Somaliland,South Africa,South Korea,South Sudan,Spain,Sri Lanka,Sudan,Suriname,Swaziland,Sweden,Switzerland,Syria,Taiwan,Tajikistan,Tanzania,Thailand,The Gambia,TimorLeste,Togo,Tonga,Transkei,Trinidad and Tobago,Tunisia,Turkey,Turkmenistan,Tuvalu,Uganda,Ukraine,United Arab Emirates,United Kingdom,United States,Uruguay,USSR,Uzbekistan,Vanuatu,Venezuela,Vietnam,West Bank and Gaza Strip,Yemen,"Yemen, North","Yemen, South",Yugoslavia,Zambia,Zimbabwe
2001,ALegal,,24,21,,21,12,10,21,0,10,26,3,26,16,1,26,2,11,8,26,7,8,4,10,26,9,9,25,26,26,1,8,24,26,7,26,11,12,18,26,7,22,,8,26,2,,10,,1,26,0,5,15,26,5,26,26,2,23,8,1,2,26,20,2,,,4,16,4,16,26,15,5,17,14,,2,0,15,19,26,30,5,6,26,2,3,1,29,24,24,4,,22,24,26,2,26,13,26,26,,4,3,11,3,19,28,22,6,0,0,23,5,14,2,22,,4,,22,17,30,3,5,21,5,0,6,20,15,30,6,26,15,,14,3,12,8,3,6,3,14,11,13,26,4,0,2,4,,1,26,19,,11,25,13,26,10,2,3,26,,4,3,,1,17,26,0,26,1,1,24,8,29,18,10,18,6,28,18,,4,26,26,28,,14,23,26,4,3,14,,26,4,19,30,,27,,,,22,26
2001,BPolitical,,12,26,,33,16,21,26,3,6,28,2,24,38,4,31,2,8,12,21,14,19,18,13,29,11,16,28,22,23,6,10,23,22,9,31,30,15,18,34,4,25,,12,40,8,,6,,1,23,6,12,10,28,22,29,33,5,20,11,3,5,11,18,8,,,12,6,3,27,26,23,5,36,17,,8,2,16,25,29,40,4,16,36,11,8,7,20,22,21,2,,19,22,34,7,31,15,31,36,,7,4,14,14,21,24,20,10,5,5,18,7,20,2,20,,12,,22,14,40,19,12,24,4,1,15,14,24,36,1,18,26,,9,6,23,13,16,6,5,24,14,30,37,6,4,7,5,,3,28,14,,20,12,28,22,5,5,6,36,,9,11,,9,29,36,11,26,2,2,30,6,27,18,9,29,9,21,12,,17,25,23,33,,15,26,23,7,6,8,,36,4,15,30,,23,,,,24,34
2001,CEconomic,,12,15,,25,16,6,13,7,8,23,3,25,9,11,25,5,5,10,25,4,26,8,9,23,9,14,24,20,19,9,12,22,26,6,23,19,14,17,26,6,19,,13,30,8,,9,,7,18,10,13,15,23,8,25,20,11,18,14,6,10,15,15,5,,,11,8,9,6,22,18,13,19,12,,13,6,11,9,20,26,7,8,22,14,6,9,11,23,22,15,,8,22,22,10,17,18,20,26,,8,7,21,14,14,19,19,7,8,5,20,5,6,16,17,,15,,14,17,26,12,10,15,6,7,11,15,18,30,2,24,16,,7,17,16,9,11,6,7,24,10,17,24,8,7,7,14,,15,26,6,,14,14,21,20,7,13,15,26,,10,16,,7,17,25,14,25,5,5,24,7,24,13,11,18,6,19,6,,9,22,9,30,,13,11,25,7,7,3,,22,16,10,22,,15,,,,19,23
2001,Total Score,,48,62,,79,44,37,60,10,24,77,8,75,63,16,82,9,24,30,72,25,53,30,32,78,29,39,77,68,68,16,30,69,74,22,80,60,41,53,86,17,66,,33,96,18,,25,,9,67,16,30,40,77,35,80,79,18,61,33,10,17,52,53,15,,,27,30,16,49,74,56,23,72,43,,23,8,42,53,75,96,16,30,84,27,17,17,60,69,67,21,,49,68,82,19,74,46,77,88,,19,14,46,31,54,71,61,23,13,10,61,17,40,20,59,,31,,58,48,96,34,27,60,15,8,32,49,57,96,9,68,57,,30,26,51,30,30,18,15,62,35,60,87,18,11,16,23,,19,80,39,,45,51,62,68,22,20,24,88,,23,30,,17,63,87,25,77,8,8,78,21,80,49,30,65,21,68,36,,30,73,58,91,,42,60,74,18,16,25,,84,24,44,82,,65,,,,65,83
2001,Status,,PF,NF,,NF,PF,PF,PF,F,F,NF,F,NF,NF,F,NF,F,F,F,NF,F,PF,F,PF,NF,F,PF,NF,NF,NF,F,F,NF,NF,F,NF,PF,PF,PF,NF,F,NF,,PF,NF,F,,F,,F,NF,F,F,PF,NF,PF,NF,NF,F,NF,PF,F,F,PF,PF,F,,,F,F,F,PF,NF,PF,F,NF,PF,,F,F,PF,PF,NF,NF,F,F,NF,F,F,F,PF,NF,NF,F,,PF,NF,NF,F,NF,PF,NF,NF,,F,F,PF,PF,PF,NF,NF,F,F,F,NF,F,PF,F,PF,,PF,,PF,PF,NF,PF,F,PF,F,F,PF,PF,PF,NF,F,NF,PF,,F,F,PF,F,F,F,F,NF,PF,PF,NF,F,F,F,F,,F,NF,PF,,PF,PF,NF,NF,F,F,F,NF,,F,F,,F,NF,NF,F,NF,F,F,NF,F,NF,PF,F,NF,F,NF,PF,,F,NF,PF,NF,,PF,PF,NF,F,F,F,,NF,F,PF,NF,,NF,,,,NF,NF
2002,ALegal,24,20,21,1,20,12,11,23,3,11,22,3,20,17,1,27,3,11,7,26,8,8,6,11,28,10,9,21,19,25,2,8,20,20,8,26,12,9,18,25,4,18,,8,30,4,,9,,1,21,0,5,14,28,9,26,26,7,23,6,1,5,20,18,2,,,7,14,5,16,25,15,5,17,16,,4,1,13,19,25,29,5,7,30,8,3,2,29,24,24,6,,19,23,26,7,25,11,22,28,2,7,3,12,7,17,26,24,6,2,0,21,5,13,2,20,3,11,,19,14,30,8,5,19,5,1,10,21,15,30,2,26,17,0,16,3,13,9,3,6,5,16,12,14,24,4,0,2,4,1,1,29,15,,10,17,17,24,9,3,3,23,,6,7,,1,11,26,0,23,1,2,25,9,26,18,12,20,3,26,12,,4,27,23,30,0,15,15,24,6,5,12,,26,2,23,30,,27,,,,20,30
2002,BPolitical,30,18,24,1,30,16,16,26,5,6,28,3,25,31,4,32,1,8,11,25,14,20,13,18,26,8,17,32,21,22,7,11,28,26,8,34,32,20,20,35,5,33,,12,36,6,,5,,3,25,6,10,14,27,18,32,36,4,23,11,2,7,20,21,6,,,11,6,3,30,30,27,5,39,19,,10,2,20,25,32,39,6,12,38,6,11,7,21,27,24,4,,22,26,31,5,29,15,34,34,3,5,3,19,19,24,27,22,9,4,5,23,9,16,3,22,2,11,,22,18,37,15,11,34,4,1,16,17,22,40,1,25,25,2,11,10,24,17,17,5,4,24,14,30,33,7,4,8,4,3,3,28,14,,18,16,26,21,6,6,11,35,,9,10,,8,27,35,12,26,2,3,33,8,26,16,12,27,8,27,11,,11,28,23,33,2,16,29,27,5,6,7,,36,5,29,30,,24,,,,24,34
2002,CEconomic,20,12,17,6,22,17,12,16,6,6,23,5,23,17,9,23,5,4,10,19,8,21,11,9,22,12,13,23,24,18,8,11,19,21,6,20,19,14,17,22,5,17,,13,28,8,,9,,7,19,8,18,13,24,11,23,21,6,18,12,7,5,18,15,7,,,12,8,6,12,19,18,11,23,16,,9,5,12,12,19,27,5,8,18,14,6,8,15,22,20,16,,13,22,23,6,17,16,23,27,6,6,8,19,12,16,18,18,9,7,5,17,10,9,12,17,4,14,,16,15,27,14,10,12,6,6,14,15,16,26,6,22,16,7,7,12,18,9,10,7,6,21,12,22,23,7,4,7,16,5,15,23,9,,12,17,18,21,6,10,11,22,,10,12,,7,14,23,14,25,5,5,22,7,24,13,12,18,11,21,9,,10,23,9,29,14,14,23,23,7,6,11,,24,14,16,22,,18,,,,19,24
2002,Total Score,74,50,62,8,72,45,39,65,14,23,73,11,68,65,14,82,9,23,28,70,30,49,30,38,76,30,39,76,64,65,17,30,67,67,22,80,63,43,55,82,14,68,,33,94,18,,23,,11,65,14,33,41,79,38,81,83,17,64,29,10,17,58,54,15,,,30,28,14,58,74,60,21,79,51,,23,8,45,56,76,95,16,27,86,28,20,17,65,73,68,26,,54,71,80,18,71,42,79,89,11,18,14,50,38,57,71,64,24,13,10,61,24,38,17,59,9,36,,57,47,94,37,26,65,15,8,40,53,53,96,9,73,58,9,34,25,55,35,30,18,15,61,38,66,80,18,8,17,24,9,19,80,38,,40,50,61,66,21,19,25,80,,25,29,,16,52,84,26,74,8,10,80,24,76,47,36,65,22,74,32,,25,78,55,92,16,45,67,74,18,17,30,,86,21,68,82,,69,,,,63,88
2002,Status,NF,PF,NF,F,NF,PF,PF,NF,F,F,NF,F,NF,NF,F,NF,F,F,F,NF,F,PF,F,PF,NF,F,PF,NF,NF,NF,F,F,NF,NF,F,NF,NF,PF,PF,NF,F,NF,,PF,NF,F,,F,,F,NF,F,PF,PF,NF,PF,NF,NF,F,NF,F,F,F,PF,PF,F,,,F,F,F,PF,NF,PF,F,NF,PF,,F,F,PF,PF,NF,NF,F,F,NF,F,F,F,NF,NF,NF,F,,PF,NF,NF,F,NF,PF,NF,NF,F,F,F,PF,PF,PF,NF,NF,F,F,F,NF,F,PF,F,PF,F,PF,,PF,PF,NF,PF,F,NF,F,F,PF,PF,PF,NF,F,NF,PF,F,PF,F,PF,PF,F,F,F,NF,PF,NF,NF,F,F,F,F,F,F,NF,PF,,PF,PF,NF,NF,F,F,F,NF,,F,F,,F,PF,NF,F,NF,F,F,NF,F,NF,PF,PF,NF,F,NF,PF,,F,NF,PF,NF,F,PF,NF,NF,F,F,F,,NF,F,NF,NF,,NF,,,,NF,NF
2003,ALegal,24,17,23,1,18,12,8,20,3,9,24,4,22,19,4,26,2,8,9,22,13,9,6,10,27,10,11,21,19,21,2,8,25,24,8,27,12,12,17,25,7,19,,11,30,4,,6,,1,21,3,8,12,26,11,26,28,6,24,6,2,4,22,16,5,,,9,8,6,17,24,17,4,19,14,,4,1,11,19,27,22,3,5,29,11,4,3,23,25,20,5,,19,23,28,7,23,11,19,29,2,5,2,17,11,15,26,23,8,2,1,23,5,11,1,22,3,11,,21,13,30,9,2,20,2,1,10,20,15,30,3,26,17,1,19,5,15,10,6,6,2,14,13,14,24,2,4,1,4,1,4,29,12,,12,17,18,23,8,3,4,24,,7,8,,3,15,27,2,23,2,2,28,9,24,18,12,20,6,25,16,,6,27,18,30,1,16,15,27,4,3,7,,25,4,22,28,,26,,,,19,30
2003,BPolitical,28,18,22,4,27,16,14,26,4,8,26,5,25,31,6,30,3,9,11,24,17,20,14,16,25,13,15,30,22,25,7,16,22,29,7,32,32,20,20,31,7,29,,12,38,6,,10,,1,25,7,16,18,28,17,35,38,5,23,13,2,10,20,23,6,,,9,14,5,30,29,27,8,39,22,,8,3,17,24,32,29,7,14,37,13,7,9,22,27,21,8,,22,27,31,4,27,15,33,36,3,7,3,21,18,22,25,23,10,5,5,22,10,16,7,23,4,12,,23,17,38,12,10,31,4,3,14,20,23,39,3,26,24,3,17,11,22,14,19,6,5,24,19,30,33,9,3,5,8,7,10,27,16,,16,17,20,22,7,9,14,33,,8,11,,10,22,33,10,28,2,2,32,7,27,17,15,25,11,32,17,,10,30,23,36,6,17,29,25,8,6,9,,34,8,29,30,,22,,,,24,34
2003,CEconomic,20,14,18,8,21,15,13,18,7,6,21,5,23,18,7,28,4,5,10,22,7,19,10,10,22,12,13,24,22,21,6,12,17,21,8,21,19,13,17,24,5,17,,14,28,8,,7,,6,20,7,15,12,22,14,28,23,6,19,10,5,5,20,15,5,,,10,6,5,15,18,19,8,21,16,,8,4,13,12,20,15,6,9,20,9,6,6,18,22,19,14,,16,21,23,6,16,14,23,29,7,6,7,15,12,15,18,18,9,8,6,19,11,9,11,18,6,13,,17,15,27,13,13,14,6,6,13,16,15,29,3,22,18,7,9,9,17,10,9,7,7,23,15,23,25,10,4,8,12,6,14,24,9,,12,18,20,19,6,7,12,23,,9,10,,6,16,25,6,26,4,5,20,7,22,15,12,18,12,21,11,,9,23,11,29,12,11,24,23,7,4,10,,25,11,17,24,,19,,,,20,25
2003,Total Score,72,49,63,13,66,43,35,64,14,23,71,14,70,68,17,84,9,22,30,68,37,48,30,36,74,35,39,75,63,67,15,36,64,74,23,80,63,45,54,80,19,65,,37,96,18,,23,,8,66,17,39,42,76,42,89,89,17,66,29,9,19,62,54,16,,,28,28,16,62,71,63,20,79,52,,20,8,41,55,79,66,16,28,86,33,17,18,63,74,60,27,,57,71,82,17,66,40,75,94,12,18,12,53,41,52,69,64,27,15,12,64,26,36,19,63,13,36,,61,45,95,34,25,65,12,10,37,56,53,98,9,74,59,11,45,25,54,34,34,19,14,61,47,67,82,21,11,14,24,14,28,80,37,,40,52,58,64,21,19,30,80,,24,29,,19,53,85,18,77,8,9,80,23,73,50,39,63,29,78,44,,25,80,52,95,19,44,68,75,19,13,26,,84,23,68,82,,67,,,,63,89
2003,Status,NF,PF,NF,F,NF,PF,PF,NF,F,F,NF,F,NF,NF,F,NF,F,F,F,NF,PF,PF,F,PF,NF,PF,PF,NF,NF,NF,F,PF,NF,NF,F,NF,NF,PF,PF,NF,F,NF,,PF,NF,F,,F,,F,NF,F,PF,PF,NF,NF,NF,NF,F,NF,F,F,F,NF,PF,F,,,F,F,F,NF,NF,NF,F,NF,PF,,F,F,PF,PF,NF,NF,F,F,NF,PF,F,F,NF,NF,PF,F,,PF,NF,NF,F,NF,PF,NF,NF,F,F,F,PF,PF,PF,NF,NF,F,F,F,NF,F,PF,F,NF,F,PF,,NF,PF,NF,PF,F,NF,F,F,PF,PF,PF,NF,F,NF,PF,F,PF,F,PF,PF,PF,F,F,NF,PF,NF,NF,F,F,F,F,F,F,NF,PF,,PF,PF,PF,NF,F,F,F,NF,,F,F,,F,PF,NF,F,NF,F,F,NF,F,NF,PF,PF,NF,F,NF,PF,,F,NF,PF,NF,F,PF,NF,NF,F,F,F,,NF,F,NF,NF,,NF,,,,NF,NF
2004,ALegal,21,18,23,1,19,12,10,20,4,8,23,2,23,20,3,26,2,8,10,20,13,8,6,12,27,10,12,21,17,22,3,7,23,23,8,27,12,11,17,25,5,19,,11,30,5,,6,,2,22,2,7,11,24,11,26,28,5,25,7,2,4,24,14,5,,,8,8,5,17,25,15,4,19,14,11,5,1,10,20,28,23,3,5,28,9,4,2,22,25,21,4,,20,23,28,5,22,13,21,29,1,5,2,14,15,16,26,22,6,2,1,22,6,11,1,20,3,11,,21,13,30,8,4,20,1,2,14,19,15,30,3,25,18,1,17,4,17,12,6,5,2,17,13,14,24,6,6,2,4,1,4,29,10,,12,21,20,23,5,3,5,26,,7,8,,4,15,28,2,25,2,3,29,8,24,18,13,22,7,21,11,,4,26,16,30,1,15,15,26,5,5,9,,26,4,24,28,,28,,,,20,30
2004,BPolitical,27,17,23,5,26,14,16,26,7,8,27,6,26,31,6,32,4,7,10,24,15,21,13,16,26,13,15,29,24,25,8,13,22,29,10,33,32,18,17,31,7,31,,13,38,10,,9,,3,24,8,16,19,24,16,34,39,6,23,13,3,9,21,26,6,,,9,14,10,26,30,23,9,28,22,9,8,4,17,23,33,31,7,13,36,13,5,12,22,28,21,8,,22,27,32,6,23,15,29,37,5,7,4,21,19,22,26,27,8,7,6,24,9,20,7,26,5,12,,25,17,38,9,12,32,6,4,17,18,21,38,3,26,25,4,17,13,21,17,19,8,6,23,18,31,34,8,5,5,9,8,10,28,15,,17,19,21,24,9,9,14,33,,10,11,,13,24,33,11,28,3,3,34,6,27,18,17,31,14,31,15,,11,30,21,37,7,17,21,24,7,7,9,,34,9,30,30,,28,,,,25,34
2004,CEconomic,20,16,18,8,21,14,15,18,7,5,22,6,22,17,8,28,5,5,10,22,7,16,11,12,22,12,13,24,21,21,6,12,18,21,6,22,19,15,17,25,7,19,,13,28,7,,7,,5,21,7,15,11,20,14,28,24,6,20,10,4,7,21,16,5,,,9,6,5,15,18,17,10,19,15,8,8,4,11,15,19,16,5,10,20,13,6,6,18,22,19,14,,16,21,23,6,15,14,23,29,8,6,5,16,16,16,17,19,9,9,6,19,13,11,10,19,6,12,,17,15,28,12,13,17,4,6,11,16,16,29,4,21,18,8,10,12,18,11,10,7,6,22,16,23,26,9,5,9,12,7,14,23,12,,11,18,18,19,7,7,11,24,,9,10,,5,17,25,7,26,4,5,20,7,23,15,12,19,9,21,11,,9,24,11,29,12,12,23,22,6,5,11,,25,11,18,24,,20,,,,20,25
2004,Total Score,68,51,64,14,66,40,41,64,18,21,72,14,71,68,17,86,11,20,30,66,35,45,30,40,75,35,40,74,62,68,17,32,63,73,24,82,63,44,51,81,19,69,,37,96,22,,22,,10,67,17,38,41,68,41,88,91,17,68,30,9,20,66,56,16,,,26,28,20,58,73,55,23,66,51,28,21,9,38,58,80,70,15,28,84,35,15,20,62,75,61,26,,58,71,83,17,60,42,73,95,14,18,11,51,50,54,69,68,23,18,13,65,28,42,18,65,14,35,,63,45,96,29,29,69,11,12,42,53,52,97,10,72,61,13,44,29,56,40,35,20,14,62,47,68,84,23,16,16,25,16,28,80,37,,40,58,59,66,21,19,30,83,,26,29,,22,56,86,20,79,9,11,83,21,74,51,42,72,30,73,37,,24,80,48,96,20,44,59,72,18,17,29,,85,24,72,82,,76,,,,65,89
2004,Status,NF,PF,NF,F,NF,PF,PF,NF,F,F,NF,F,NF,NF,F,NF,F,F,F,NF,PF,PF,F,PF,NF,PF,PF,NF,NF,NF,F,PF,NF,NF,F,NF,NF,PF,PF,NF,F,NF,,PF,NF,F,,F,,F,NF,F,PF,PF,NF,PF,NF,NF,F,NF,F,F,F,NF,PF,F,,,F,F,F,PF,NF,PF,F,NF,PF,F,F,F,PF,PF,NF,NF,F,F,NF,PF,F,F,NF,NF,NF,F,,PF,NF,NF,F,PF,PF,NF,NF,F,F,F,PF,PF,PF,NF,NF,F,F,F,NF,F,PF,F,NF,F,PF,,NF,PF,NF,F,F,NF,F,F,PF,PF,PF,NF,F,NF,NF,F,PF,F,PF,PF,PF,F,F,NF,PF,NF,NF,F,F,F,F,F,F,NF,PF,,PF,PF,PF,NF,F,F,F,NF,,F,F,,F,PF,NF,F,NF,F,F,NF,F,NF,PF,PF,NF,F,NF,PF,,F,NF,PF,NF,F,PF,PF,NF,F,F,F,,NF,F,NF,NF,,NF,,,,NF,NF
2005,ALegal,21,17,22,1,19,10,12,20,5,8,23,2,24,20,3,27,2,8,11,19,10,8,8,13,28,10,11,21,20,19,4,7,21,23,8,27,13,12,17,25,5,18,,10,30,5,,5,,2,23,3,7,13,22,11,27,28,5,27,7,2,5,24,13,5,,,9,8,7,17,23,13,6,19,16,11,5,1,10,21,28,22,3,5,28,9,3,2,21,25,20,5,,20,22,26,6,21,13,19,29,1,5,1,13,15,16,23,24,6,2,1,19,6,13,1,20,3,11,,22,12,30,8,4,23,1,2,14,21,15,30,3,22,18,1,17,4,18,11,8,6,2,18,13,16,24,4,6,3,6,4,4,28,12,,12,20,19,23,5,4,5,26,,7,9,,4,15,27,4,25,2,3,29,7,24,16,15,24,11,23,10,,6,28,17,30,3,19,13,23,5,6,8,,28,5,25,27,,28,,,,19,30
2005,BPolitical,28,17,22,5,25,14,17,26,8,8,27,8,26,31,8,33,4,8,9,24,13,21,16,15,27,12,14,29,23,24,8,12,22,29,11,34,32,20,17,31,6,28,,15,39,9,,8,,3,25,10,16,18,21,17,34,39,5,28,11,3,9,23,26,6,,,10,14,10,25,28,17,12,30,22,10,8,4,16,23,36,33,7,13,36,13,7,12,22,28,20,9,,20,22,31,7,24,15,23,38,5,7,3,20,19,22,24,27,10,7,6,20,8,22,8,25,7,12,,22,17,38,10,13,35,6,5,18,19,21,38,3,26,25,5,16,13,20,17,21,8,6,23,16,32,35,9,7,6,12,6,11,28,20,,17,21,22,24,8,9,14,33,,11,11,,12,26,32,12,27,4,3,33,7,28,19,21,30,16,34,11,,12,31,20,37,11,20,19,22,7,6,9,,37,10,30,29,,33,,,,24,35
2005,CEconomic,20,16,17,8,21,14,16,18,6,5,22,6,22,17,6,28,5,5,10,22,10,16,11,11,22,12,13,24,18,22,6,13,18,21,7,22,16,15,17,25,7,19,,14,27,8,,7,,5,21,6,14,10,18,15,27,24,6,20,10,4,7,20,17,5,,,9,6,6,16,16,17,9,19,14,8,8,4,11,14,20,16,5,10,22,13,7,6,18,22,18,14,,16,20,24,6,15,14,22,29,7,6,7,16,15,17,18,19,8,9,8,18,12,13,11,20,6,11,,17,14,28,12,13,19,4,6,12,16,18,29,4,22,18,8,10,12,19,11,11,7,6,20,15,24,26,8,5,7,11,7,14,23,12,,11,19,18,19,7,7,11,24,,9,10,,5,17,26,7,25,4,5,22,6,24,15,14,19,12,21,11,,8,24,11,29,12,13,21,20,7,4,11,,25,10,17,23,,20,,,,21,25
2005,Total Score,69,50,61,14,65,38,45,64,19,21,72,16,72,68,17,88,11,21,30,65,33,45,35,39,77,34,38,74,61,65,18,32,61,73,26,83,61,47,51,81,18,65,,39,96,22,,20,,10,69,19,37,41,61,43,88,91,16,75,28,9,21,67,56,16,,,28,28,23,58,67,47,27,68,52,29,21,9,37,58,84,71,15,28,86,35,17,20,61,75,58,28,,56,64,81,19,60,42,64,96,13,18,11,49,49,55,65,70,24,18,15,57,26,48,20,65,16,34,,61,43,96,30,30,77,11,13,44,56,54,97,10,70,61,14,43,29,57,39,40,21,14,61,44,72,85,21,18,16,29,17,29,79,44,,40,60,59,66,20,20,30,83,,27,30,,21,58,85,23,77,10,11,84,20,76,50,50,73,39,78,32,,26,83,48,96,26,52,53,65,19,16,28,,90,25,72,79,,81,,,,64,90
2005,Status,NF,PF,NF,F,NF,PF,PF,NF,F,F,NF,F,NF,NF,F,NF,F,F,F,NF,PF,PF,PF,PF,NF,PF,PF,NF,NF,NF,F,PF,NF,NF,F,NF,NF,PF,PF,NF,F,NF,,PF,NF,F,,F,,F,NF,F,PF,PF,NF,PF,NF,NF,F,NF,F,F,F,NF,PF,F,,,F,F,F,PF,NF,PF,F,NF,PF,F,F,F,PF,PF,NF,NF,F,F,NF,PF,F,F,NF,NF,PF,F,,PF,NF,NF,F,PF,PF,NF,NF,F,F,F,PF,PF,PF,NF,NF,F,F,F,PF,F,PF,F,NF,F,PF,,NF,PF,NF,F,F,NF,F,F,PF,PF,PF,NF,F,NF,NF,F,PF,F,PF,PF,PF,F,F,NF,PF,NF,NF,F,F,F,F,F,F,NF,PF,,PF,PF,PF,NF,F,F,F,NF,,F,F,,F,PF,NF,F,NF,F,F,NF,F,NF,PF,PF,NF,PF,NF,PF,,F,NF,PF,NF,F,PF,PF,NF,F,F,F,,NF,F,NF,NF,,NF,,,,NF,NF
2006,ALegal,21,17,22,1,17,10,13,20,6,8,24,2,23,20,3,27,2,8,10,19,10,8,8,15,28,10,12,22,18,20,3,5,18,23,10,28,13,12,17,24,7,19,,9,30,5,,4,,2,23,4,8,13,22,10,27,30,5,27,12,2,5,24,13,6,,,8,8,8,17,22,14,7,16,15,11,5,1,9,17,29,22,4,6,28,9,3,2,21,26,20,5,,19,22,26,6,19,13,19,29,1,5,2,11,14,16,24,23,7,2,2,18,6,12,1,20,3,12,11,23,11,30,8,4,17,2,3,14,21,14,30,3,24,17,1,18,4,19,13,11,7,2,18,12,18,24,4,4,4,7,4,4,28,13,13,,20,17,24,5,5,5,27,,7,9,,4,17,27,5,25,2,4,29,7,24,16,20,24,12,22,11,,5,28,19,30,3,20,13,23,5,6,10,,29,6,26,27,,28,,,,19,29
2006,BPolitical,28,16,23,4,24,14,20,24,9,8,29,9,26,30,8,34,4,8,10,23,16,21,16,16,26,12,14,31,21,25,8,10,21,30,12,34,29,21,17,32,7,30,,14,39,9,,7,,4,25,10,18,18,22,18,35,40,5,30,19,3,9,23,27,6,,,9,12,9,26,29,19,13,24,22,11,8,4,16,22,34,32,7,13,34,11,6,13,22,28,21,8,,21,25,31,6,25,15,24,38,5,7,3,18,21,20,25,27,9,6,6,20,8,23,8,25,7,13,16,22,15,38,10,11,27,7,5,16,20,24,38,4,28,28,6,16,14,23,18,24,8,6,24,15,33,34,8,7,7,12,6,11,30,21,17,,21,21,24,8,9,14,34,,12,11,,13,29,30,11,26,5,3,33,7,28,20,25,33,17,31,11,,11,31,19,37,11,21,19,23,8,6,10,,37,9,30,28,,31,,,,24,33
2006,CEconomic,20,17,17,8,21,14,16,20,6,5,22,6,22,16,6,28,5,5,10,20,11,16,11,11,22,12,13,24,19,22,6,14,19,21,8,22,15,15,17,24,6,19,,14,27,8,,7,,5,21,6,14,10,18,14,27,24,6,20,8,4,7,22,17,4,,,9,5,6,16,16,15,9,19,14,8,8,4,10,15,21,16,5,10,22,9,6,6,18,22,18,13,,16,20,24,7,15,14,22,29,8,6,7,16,15,17,19,18,8,9,9,17,12,13,11,20,6,11,10,17,14,28,12,13,14,4,5,12,17,17,29,4,19,18,7,9,12,18,11,11,7,6,21,15,24,26,8,5,6,11,7,14,24,12,9,,19,18,21,7,7,11,24,,9,10,,5,17,24,6,25,4,5,21,6,24,15,14,20,13,21,9,,8,24,11,29,12,13,21,22,6,4,10,,25,9,18,22,,21,,,,21,27
2006,Total Score,69,50,62,13,62,38,49,64,21,21,75,17,71,66,17,89,11,21,30,62,37,45,35,42,76,34,39,77,58,67,17,29,58,74,30,84,57,48,51,80,20,68,,37,96,22,,18,,11,69,20,40,41,62,42,89,94,16,77,39,9,21,69,57,16,,,26,25,23,59,67,48,29,59,51,30,21,9,35,54,84,70,16,29,84,29,15,21,61,76,59,26,,56,67,81,19,59,42,65,96,14,18,12,45,50,53,68,68,24,17,17,55,26,48,20,65,16,36,37,62,40,96,30,28,58,13,13,42,58,55,97,11,71,63,14,43,30,60,42,46,22,14,63,42,75,84,20,16,17,30,17,29,82,46,39,,60,56,69,20,21,30,85,,28,30,,22,63,81,22,76,11,12,83,20,76,51,59,77,42,74,31,,24,83,49,96,26,54,53,68,19,16,30,,91,24,74,77,,80,,,,64,89
2006,Status,NF,PF,NF,F,NF,PF,PF,NF,F,F,NF,F,NF,NF,F,NF,F,F,F,NF,PF,PF,PF,PF,NF,PF,PF,NF,PF,NF,F,F,PF,NF,F,NF,PF,PF,PF,NF,F,NF,,PF,NF,F,,F,,F,NF,F,PF,PF,NF,PF,NF,NF,F,NF,PF,F,F,NF,PF,F,,,F,F,F,PF,NF,PF,F,PF,PF,F,F,F,PF,PF,NF,NF,F,F,NF,F,F,F,NF,NF,PF,F,,PF,NF,NF,F,PF,PF,NF,NF,F,F,F,PF,PF,PF,NF,NF,F,F,F,PF,F,PF,F,NF,F,PF,PF,NF,PF,NF,F,F,PF,F,F,PF,PF,PF,NF,F,NF,NF,F,PF,F,PF,PF,PF,F,F,NF,PF,NF,NF,F,F,F,F,F,F,NF,PF,PF,,PF,PF,NF,F,F,F,NF,,F,F,,F,NF,NF,F,NF,F,F,NF,F,NF,PF,PF,NF,PF,NF,PF,,F,NF,PF,NF,F,PF,PF,NF,F,F,F,,NF,F,NF,NF,,NF,,,,NF,NF
2007,ALegal,21,16,22,1,19,10,11,21,6,8,25,3,24,22,3,28,2,8,11,19,10,8,8,15,28,10,13,21,19,20,4,6,19,23,10,28,13,14,17,25,6,20,,9,30,5,,4,,2,24,5,7,14,21,10,27,30,4,27,11,2,6,24,14,6,,,8,9,8,17,21,15,6,15,15,11,5,1,10,17,29,22,4,6,28,10,3,2,21,26,21,5,,18,22,26,6,18,13,18,29,1,5,2,12,14,17,24,23,10,3,2,18,6,13,2,20,3,13,12,24,11,30,8,4,15,2,2,14,22,14,30,3,25,20,1,18,4,19,15,11,8,4,19,13,21,24,4,3,4,7,4,4,28,16,13,,20,18,24,6,6,5,27,,7,9,,5,19,26,5,25,2,5,29,7,25,15,17,25,12,23,11,,6,27,20,30,3,20,14,23,6,5,10,,29,6,26,27,,26,,,,20,29
2007,BPolitical,30,16,23,4,23,16,21,25,8,8,30,10,27,30,10,35,4,9,10,23,18,21,17,16,25,12,15,29,22,24,8,10,23,30,12,35,30,25,17,32,7,27,,13,36,9,,7,,3,25,11,19,17,20,18,35,40,6,30,18,3,9,23,28,6,,,10,13,11,25,29,23,14,23,22,10,9,4,16,22,34,31,6,14,34,10,6,13,24,30,21,8,,21,28,32,8,21,19,25,36,5,7,3,19,19,20,23,25,9,8,6,20,8,25,8,25,7,13,16,23,15,39,10,11,28,7,5,17,24,22,39,3,27,29,5,17,13,23,18,23,9,6,24,16,33,34,8,9,7,12,6,10,29,20,17,,20,23,24,9,10,14,35,,12,12,,13,31,29,12,26,5,3,33,7,28,18,24,34,13,29,10,,10,30,20,37,11,20,19,23,7,8,10,,38,8,29,33,,31,,,,24,33
2007,CEconomic,20,18,17,8,21,13,15,20,7,5,22,7,20,16,6,28,5,5,10,19,11,16,11,11,22,11,13,24,19,21,6,12,19,21,8,21,16,15,17,24,6,19,,14,28,8,,7,,5,23,6,13,10,18,14,27,24,6,19,8,4,7,22,18,4,,,9,5,5,16,16,15,11,18,14,9,7,4,9,15,22,16,5,8,22,9,6,6,18,22,18,13,,15,20,25,8,16,14,22,29,8,6,7,16,15,18,18,18,8,9,9,18,12,13,11,21,6,12,10,17,14,28,12,13,14,4,6,12,17,17,29,4,19,17,8,9,11,18,11,11,7,6,21,15,24,26,7,4,6,10,7,14,24,13,9,,19,18,21,7,7,11,22,,9,9,,5,17,23,6,25,4,5,21,6,24,15,15,20,13,22,10,,7,24,11,29,12,13,20,22,5,4,10,,25,9,19,22,,21,,,,20,27
2007,Total Score,71,50,62,13,63,39,47,66,21,21,77,20,71,68,19,91,11,22,31,61,39,45,36,42,75,33,41,74,60,65,18,28,61,74,30,84,59,54,51,81,19,66,,36,94,22,,18,,10,72,22,39,41,59,42,89,94,16,76,37,9,22,69,60,16,,,27,27,24,58,66,53,31,56,51,30,21,9,35,54,85,69,15,28,84,29,15,21,63,78,60,26,,54,70,83,22,55,46,65,94,14,18,12,47,48,55,65,66,27,20,17,56,26,51,21,66,16,38,38,64,40,97,30,28,57,13,13,43,63,53,98,10,71,66,14,44,28,60,44,45,24,16,64,44,78,84,19,16,17,29,17,28,81,49,39,,59,59,69,22,23,30,84,,28,30,,23,67,78,23,76,11,13,83,20,77,48,56,79,38,74,31,,23,81,51,96,26,53,53,68,18,17,30,,92,23,74,82,,78,,,,64,89
2007,Status,NF,PF,NF,F,NF,PF,PF,NF,F,F,NF,F,NF,NF,F,NF,F,F,PF,NF,PF,PF,PF,PF,NF,PF,PF,NF,PF,NF,F,F,NF,NF,F,NF,PF,PF,PF,NF,F,NF,,PF,NF,F,,F,,F,NF,F,PF,PF,PF,PF,NF,NF,F,NF,PF,F,F,NF,PF,F,,,F,F,F,PF,NF,PF,PF,PF,PF,F,F,F,PF,PF,NF,NF,F,F,NF,F,F,F,NF,NF,PF,F,,PF,NF,NF,F,PF,PF,NF,NF,F,F,F,PF,PF,PF,NF,NF,F,F,F,PF,F,PF,F,NF,F,PF,PF,NF,PF,NF,F,F,PF,F,F,PF,NF,PF,NF,F,NF,NF,F,PF,F,PF,PF,PF,F,F,NF,PF,NF,NF,F,F,F,F,F,F,NF,PF,PF,,PF,PF,NF,F,F,F,NF,,F,F,,F,NF,NF,F,NF,F,F,NF,F,NF,PF,PF,NF,PF,NF,PF,,F,NF,PF,NF,F,PF,PF,NF,F,F,F,,NF,F,NF,NF,,NF,,,,NF,NF
2008,ALegal,22,16,22,1,18,10,13,21,6,8,25,3,24,20,3,28,3,8,11,19,11,9,9,15,28,11,13,21,19,20,5,6,19,24,9,28,13,14,17,25,6,21,,9,30,5,,4,,2,24,5,8,15,21,10,27,30,4,25,14,3,6,24,14,6,,,8,9,8,16,22,15,7,15,15,12,5,1,10,18,29,21,4,7,28,11,3,2,21,26,21,6,0,18,23,27,6,18,14,17,29,1,5,2,12,14,17,24,19,9,4,2,18,6,15,2,20,3,13,11,24,12,30,8,4,15,2,3,14,22,15,30,3,25,19,1,18,4,18,14,11,8,4,19,13,23,25,4,2,4,7,4,4,28,18,13,,20,16,24,7,7,5,27,,9,9,,5,21,27,5,25,2,5,29,7,25,16,16,25,12,23,11,,6,27,21,30,3,20,15,23,6,5,8,,29,6,26,28,,26,,,,20,29
2008,BPolitical,32,16,23,4,22,15,21,27,9,8,31,10,27,27,10,35,4,8,10,23,19,22,17,16,25,14,15,30,23,24,8,10,23,31,12,35,30,21,19,32,7,27,,15,36,9,,7,,4,26,11,19,18,21,18,36,40,5,33,18,3,9,23,29,6,,,9,14,11,26,27,22,13,20,23,11,9,4,17,21,34,30,6,16,36,11,6,13,24,30,21,8,0,21,29,33,8,22,19,25,36,5,7,3,19,22,21,24,20,9,9,6,22,8,27,8,26,7,16,16,23,15,38,10,11,28,7,5,19,25,22,39,3,27,27,5,17,12,23,19,23,9,6,24,16,33,34,8,9,7,13,6,10,29,21,17,,20,23,23,9,10,14,35,,12,12,,14,32,29,12,26,5,3,33,9,28,19,27,34,12,27,11,,10,31,18,37,11,20,20,23,8,8,9,,38,9,28,33,,31,,,,25,32
2008,CEconomic,20,18,17,8,21,13,15,20,7,5,22,7,20,16,6,28,5,5,10,19,12,16,11,11,22,11,13,24,19,21,6,12,19,21,8,22,16,15,17,24,6,19,,14,28,8,,7,,5,23,6,13,11,18,14,27,24,6,18,8,4,7,22,17,4,,,9,6,5,18,17,15,10,18,14,10,7,4,9,15,22,16,5,8,22,10,6,6,19,22,18,13,0,16,20,26,9,16,15,21,29,8,6,7,16,15,18,17,17,8,9,9,18,12,13,11,21,6,12,10,17,14,28,12,13,14,4,6,12,17,17,29,4,19,16,8,9,10,18,11,11,7,6,22,15,24,26,7,4,6,9,7,14,25,14,9,,19,17,21,7,7,11,22,,9,9,,5,17,22,6,25,4,5,21,7,25,15,14,20,13,22,10,,7,24,11,29,12,13,20,23,5,5,9,,26,8,19,22,,22,,,,20,27
2008,Total Score,74,50,62,13,61,38,49,68,22,21,78,20,71,63,19,91,12,21,31,61,42,47,37,42,75,36,41,75,61,65,19,28,61,76,29,85,59,50,53,81,19,67,,38,94,22,,18,,11,73,22,40,44,60,42,90,94,15,76,40,10,22,69,60,16,,,26,29,24,60,66,52,30,53,52,33,21,9,36,54,85,67,15,31,86,32,15,21,64,78,60,27,0,55,72,86,23,56,48,63,94,14,18,12,47,51,56,65,56,26,22,17,58,26,55,21,67,16,41,37,64,41,96,30,28,57,13,14,45,64,54,98,10,71,62,14,44,26,59,44,45,24,16,65,44,80,85,19,15,17,29,17,28,82,53,39,,59,56,68,23,24,30,84,,30,30,,24,70,78,23,76,11,13,83,23,78,50,57,79,37,72,32,,23,82,50,96,26,53,55,69,19,18,26,,93,23,73,83,,79,,,,65,88
2008,Status,NF,PF,NF,F,NF,PF,PF,NF,F,F,NF,F,NF,NF,F,NF,F,F,PF,NF,PF,PF,PF,PF,NF,PF,PF,NF,NF,NF,F,F,NF,NF,F,NF,PF,PF,PF,NF,F,NF,,PF,NF,F,,F,,F,NF,F,PF,PF,PF,PF,NF,NF,F,NF,PF,F,F,NF,PF,F,,,F,F,F,PF,NF,PF,F,PF,PF,PF,F,F,PF,PF,NF,NF,F,PF,NF,PF,F,F,NF,NF,PF,F,0,PF,NF,NF,F,PF,PF,NF,NF,F,F,F,PF,PF,PF,NF,PF,F,F,F,PF,F,PF,F,NF,F,PF,PF,NF,PF,NF,F,F,PF,F,F,PF,NF,PF,NF,F,NF,NF,F,PF,F,PF,PF,PF,F,F,NF,PF,NF,NF,F,F,F,F,F,F,NF,PF,PF,,PF,PF,NF,F,F,F,NF,,F,F,,F,NF,NF,F,NF,F,F,NF,F,NF,PF,PF,NF,PF,NF,PF,,F,NF,PF,NF,F,PF,PF,NF,F,F,F,,NF,F,NF,NF,,NF,,,,NF,NF
2009,ALegal,22,16,22,1,18,10,13,21,6,8,25,3,24,18,3,29,3,8,11,18,11,9,11,14,28,11,13,21,20,21,5,6,19,24,9,28,14,14,16,25,6,21,,9,30,5,,4,,2,24,5,8,16,21,10,27,30,4,27,16,3,6,24,15,6,,,8,9,8,16,24,15,7,15,17,12,7,1,9,18,30,22,4,7,28,11,3,2,20,26,21,6,15,18,23,26,6,18,14,17,29,1,5,2,12,17,17,24,17,9,4,2,18,6,16,2,20,3,14,11,25,12,30,9,4,16,3,3,14,25,15,30,3,25,19,1,17,4,18,14,13,8,4,20,13,24,26,4,2,4,7,4,4,28,20,11,,19,15,24,7,8,5,27,,9,9,,5,23,26,4,24,2,5,29,7,25,17,17,26,11,24,11,,6,27,22,30,3,20,15,24,6,5,7,,29,6,26,28,,26,,,,19,27
2009,BPolitical,33,16,25,4,23,15,21,25,9,8,32,10,27,22,10,35,4,8,12,20,20,23,17,18,25,13,15,30,22,24,8,10,23,32,13,34,30,21,21,32,7,26,,16,35,9,,7,,4,26,11,18,20,21,19,36,40,6,33,27,3,10,25,26,7,,,9,14,11,26,30,24,13,17,27,12,9,5,15,19,36,27,6,14,34,12,7,13,24,30,19,8,20,21,30,33,10,21,19,23,36,5,9,3,18,29,21,23,17,8,9,6,21,8,30,8,24,7,13,16,24,16,38,13,11,28,7,5,20,26,22,40,3,27,26,5,18,10,23,19,24,9,6,24,15,33,33,9,9,7,13,6,10,30,22,16,,20,23,23,9,10,13,35,,13,12,,14,32,28,12,27,4,3,33,9,28,18,27,35,11,28,11,,10,33,18,36,11,20,18,24,8,8,10,,37,9,30,32,,32,,,,25,30
2009,CEconomic,21,18,17,8,21,13,15,20,7,5,22,7,20,16,6,28,5,5,10,19,12,16,11,11,22,10,13,22,19,21,6,12,19,21,8,22,16,15,17,24,6,19,,15,28,8,,7,,5,23,7,13,11,18,14,27,24,7,18,11,4,7,22,18,4,,,9,6,5,18,17,15,10,17,15,9,7,4,9,15,23,16,5,8,22,10,6,6,19,22,17,13,18,16,20,25,10,16,15,21,29,8,7,7,16,15,18,17,16,8,9,9,17,13,14,11,21,6,12,10,17,14,27,12,13,15,4,6,13,17,17,29,4,19,16,8,9,10,18,11,11,7,6,22,15,24,24,7,4,6,9,7,14,25,15,8,,19,17,21,7,7,11,22,,10,9,,5,17,22,7,25,4,5,21,8,25,15,14,20,13,22,10,,7,25,11,29,12,14,20,23,5,5,8,,26,8,19,22,,22,,,,20,27
2009,Total Score,76,50,64,13,62,38,49,66,22,21,79,20,71,56,19,92,12,21,33,57,43,48,39,43,75,34,41,73,61,66,19,28,61,77,30,84,60,50,54,81,19,66,,40,93,22,,18,,11,73,23,39,47,60,43,90,94,17,78,54,10,23,71,59,17,,,26,29,24,60,71,54,30,49,59,33,23,10,33,52,89,65,15,29,84,33,16,21,63,78,57,27,53,55,73,84,26,55,48,61,94,14,21,12,46,61,56,64,50,25,22,17,56,27,60,21,65,16,39,37,66,42,95,34,28,59,14,14,47,68,54,99,10,71,61,14,44,24,59,44,48,24,16,66,43,81,83,20,15,17,29,17,28,83,57,35,,58,55,68,23,25,29,84,,32,30,,24,72,76,23,76,10,13,83,24,78,50,58,81,35,74,32,,23,85,51,95,26,54,53,71,19,18,25,,92,23,75,82,,80,,,,64,84
2009,Status,NF,PF,NF,F,NF,PF,PF,NF,F,F,NF,F,NF,PF,F,NF,F,F,PF,PF,PF,PF,PF,PF,NF,PF,PF,NF,NF,NF,F,F,NF,NF,F,NF,PF,PF,PF,NF,F,NF,,PF,NF,F,,F,,F,NF,F,PF,PF,PF,PF,NF,NF,F,NF,PF,F,F,NF,PF,F,,,F,F,F,PF,NF,PF,F,PF,PF,PF,F,F,PF,PF,NF,NF,F,F,NF,PF,F,F,NF,NF,PF,F,PF,PF,NF,NF,F,PF,PF,NF,NF,F,F,F,PF,NF,PF,NF,PF,F,F,F,PF,F,PF,F,NF,F,PF,PF,NF,PF,NF,PF,F,PF,F,F,PF,NF,PF,NF,F,NF,NF,F,PF,F,PF,PF,PF,F,F,NF,PF,NF,NF,F,F,F,F,F,F,NF,PF,PF,,PF,PF,NF,F,F,F,NF,,PF,F,,F,NF,NF,F,NF,F,F,NF,F,NF,PF,PF,NF,PF,NF,PF,,F,NF,PF,NF,F,PF,PF,NF,F,F,F,,NF,F,NF,NF,,NF,,,,NF,NF
2010,ALegal,22,16,22,1,18,9,12,20,5,8,26,3,25,17,3,29,3,8,11,18,13,9,11,14,28,11,13,22,21,21,5,6,19,23,8,29,12,14,16,25,5,21,,9,30,5,,4,,2,24,5,7,17,23,11,27,30,5,27,18,3,6,24,14,6,,,8,9,8,16,17,15,7,14,16,11,10,1,9,18,30,23,5,7,28,11,3,2,20,28,19,6,14,19,21,26,6,18,14,16,29,1,5,2,12,19,18,24,17,8,4,2,17,6,17,2,17,3,14,11,25,13,30,9,4,16,3,3,13,21,14,30,3,25,18,1,18,4,19,14,13,8,5,20,13,24,26,4,2,4,7,4,4,28,20,9,,17,15,24,6,8,6,27,,9,9,,4,23,26,4,24,2,5,29,7,25,17,19,26,11,23,11,,6,27,22,30,3,19,16,24,6,4,8,,30,6,27,28,,27,,,,19,25
2010,BPolitical,33,17,23,4,25,16,23,25,9,8,31,10,27,21,10,36,4,9,12,20,21,23,17,19,25,14,15,30,23,25,8,9,23,31,13,34,28,19,21,32,7,28,,17,34,9,,8,,6,26,11,20,23,24,17,36,40,6,33,27,3,10,23,22,7,,,9,15,11,25,25,25,13,17,30,12,11,5,17,20,37,29,6,15,33,13,9,13,24,29,18,8,19,22,29,33,11,21,19,22,36,5,9,3,20,30,19,23,17,8,9,6,19,9,31,8,19,7,13,16,25,17,37,14,11,28,7,6,19,21,21,38,4,27,27,5,17,11,23,18,22,10,6,24,15,33,34,9,9,7,14,6,11,30,20,15,,20,22,23,9,10,12,35,,14,14,,13,30,30,12,27,5,3,34,9,28,16,28,35,11,28,10,,11,33,21,37,11,21,20,24,8,8,10,,37,11,29,33,,33,,,,23,29
2010,CEconomic,20,17,17,8,21,13,16,20,7,5,22,7,20,16,6,28,5,6,10,19,12,16,12,11,22,10,13,22,19,21,6,12,19,21,8,22,16,15,17,24,6,19,,15,28,8,,7,,5,23,7,13,12,18,14,27,24,7,18,12,4,7,22,19,4,,,9,6,5,18,17,17,10,18,15,9,9,6,9,15,24,16,5,7,22,10,6,6,19,23,17,13,18,16,20,26,9,14,15,21,29,8,8,7,16,15,18,17,16,8,9,9,17,13,14,11,19,6,12,10,18,14,27,11,13,15,4,6,15,17,17,29,4,19,16,8,9,10,18,11,11,7,6,22,14,24,24,7,4,6,9,7,14,25,14,9,,19,16,21,7,7,11,22,,10,9,,6,18,22,7,25,4,5,21,9,25,15,15,20,13,22,10,,7,25,11,29,12,14,20,23,5,5,7,,27,8,20,22,,23,,,,19,27
2010,Total Score,75,50,62,13,64,38,51,65,21,21,79,20,72,54,19,93,12,23,33,57,46,48,40,44,75,35,41,74,63,67,19,27,61,75,29,85,56,48,54,81,18,68,,41,92,22,,19,,13,73,23,40,52,65,42,90,94,18,78,57,10,23,69,55,17,,,26,30,24,59,59,57,30,49,61,32,30,12,35,53,91,68,16,29,83,34,18,21,63,80,54,27,51,57,70,85,26,53,48,59,94,14,22,12,48,64,55,64,50,24,22,17,53,28,62,21,55,16,39,37,68,44,94,34,28,59,14,15,47,59,52,97,11,71,61,14,44,25,60,43,46,25,17,66,42,81,84,20,15,17,30,17,29,83,54,33,,56,53,68,22,25,29,84,,33,32,,23,71,78,23,76,11,13,84,25,78,48,62,81,35,73,31,,24,85,54,96,26,54,56,71,19,17,25,,94,25,76,83,,83,,,,61,81
2010,Status,NF,PF,NF,F,NF,PF,PF,NF,F,F,NF,F,NF,PF,F,NF,F,F,PF,PF,PF,PF,PF,PF,NF,PF,PF,NF,NF,NF,F,F,NF,NF,F,NF,PF,PF,PF,NF,F,NF,,PF,NF,F,,F,,F,NF,F,PF,PF,NF,PF,NF,NF,F,NF,PF,F,F,NF,PF,F,,,F,F,F,PF,PF,PF,F,PF,NF,PF,F,F,PF,PF,NF,NF,F,F,NF,PF,F,F,NF,NF,PF,F,PF,PF,NF,NF,F,PF,PF,PF,NF,F,F,F,PF,NF,PF,NF,PF,F,F,F,PF,F,NF,F,PF,F,PF,PF,NF,PF,NF,PF,F,PF,F,F,PF,PF,PF,NF,F,NF,NF,F,PF,F,PF,PF,PF,F,F,NF,PF,NF,NF,F,F,F,F,F,F,NF,PF,PF,,PF,PF,NF,F,F,F,NF,,PF,PF,,F,NF,NF,F,NF,F,F,NF,F,NF,PF,NF,NF,PF,NF,PF,,F,NF,PF,NF,F,PF,PF,NF,F,F,F,,NF,F,NF,NF,,NF,,,,NF,NF
2011,ALegal,22,16,22,1,19,9,12,21,4,8,26,3,28,15,3,29,2,8,11,18,13,9,11,13,28,11,13,23,21,21,5,6,20,23,8,29,11,14,25,16,5,20,,9,29,5,,4,,2,24,5,7,20,20,9,27,30,5,28,18,3,6,24,13,6,,,8,9,8,16,18,15,8,14,17,11,12,3,9,16,30,23,4,7,,12,3,2,21,28,16,6,14,19,20,26,6,18,14,16,16,1,5,2,16,19,19,24,17,9,4,2,17,7,17,2,17,3,13,9,25,12,28,9,4,15,2,3,13,15,13,30,3,25,18,1,17,6,18,14,12,8,5,20,12,24,26,4,2,4,7,4,4,29,21,9,,17,14,24,5,8,6,27,,10,9,16,4,23,26,4,24,2,4,29,8,25,18,20,26,11,22,10,,6,18,22,30,3,19,18,24,7,3,8,,30,6,27,28,28,27,,,,19,25
2011,BPolitical,32,18,23,4,27,16,22,24,10,8,32,10,35,21,10,36,4,8,12,20,22,23,17,20,25,15,16,28,23,26,8,9,23,31,14,34,28,19,34,22,8,31,,16,34,9,,8,,5,27,11,21,24,22,17,37,40,6,35,27,3,11,24,21,7,,,10,15,11,26,27,25,15,18,30,13,13,5,19,18,38,30,6,15,,12,9,14,23,30,19,8,18,22,29,33,12,19,19,23,27,5,9,3,21,29,23,22,18,7,9,6,18,9,31,8,18,7,12,16,25,16,31,13,11,25,6,8,20,17,22,38,3,27,29,6,19,11,24,19,20,10,6,25,15,32,32,9,9,7,13,6,11,30,20,15,,20,19,22,9,10,11,35,,14,14,26,14,31,31,12,27,4,3,38,9,29,16,24,35,11,26,9,,11,17,22,37,11,24,21,25,9,10,10,,37,12,29,34,33,33,,,,22,29
2011,CEconomic,20,17,17,8,21,13,16,20,7,5,22,7,21,16,6,28,5,5,11,20,12,16,12,11,22,10,13,21,19,21,6,12,19,21,9,22,16,15,24,17,6,19,,15,28,8,,7,,5,23,7,13,14,15,14,27,24,7,18,13,4,7,22,18,4,,,10,6,5,18,17,17,10,18,15,9,11,6,9,15,24,16,6,8,,9,6,6,19,23,17,13,17,16,20,25,9,14,16,21,17,8,9,7,17,15,18,17,16,8,9,9,17,13,14,11,19,6,12,10,18,15,26,10,13,15,4,6,16,17,15,29,4,19,16,9,10,10,18,11,10,7,6,22,14,24,24,7,4,6,9,7,14,25,14,11,,19,16,21,7,7,11,22,,10,9,17,6,18,21,7,25,4,5,22,8,25,15,16,20,13,21,10,,8,16,11,29,12,14,20,23,5,5,8,,28,8,20,22,22,23,,,,19,26
2011,Total Score,74,51,62,13,67,38,50,65,21,21,80,20,84,52,19,93,11,21,34,58,47,48,40,44,75,36,42,72,63,68,19,27,62,75,31,85,55,48,55,83,19,70,,40,91,22,,19,,12,74,23,41,58,57,40,91,94,18,81,58,10,24,70,52,17,,,28,30,24,60,62,57,33,50,62,33,36,14,37,49,92,69,16,30,,33,18,22,63,81,52,27,49,57,69,84,27,51,49,60,60,14,23,12,54,63,60,63,51,24,22,17,52,29,62,21,54,16,37,35,68,43,85,32,28,55,12,17,49,49,50,97,10,71,63,16,46,27,60,44,42,25,17,67,41,80,82,20,15,17,29,17,29,84,55,35,,56,49,67,21,25,28,84,,34,32,59,24,72,78,23,76,10,12,89,25,79,49,60,81,35,69,29,,25,51,55,96,26,57,59,72,21,18,26,,95,26,76,84,83,83,,,,60,80
2011,Status,NF,PF,NF,F,NF,PF,PF,NF,F,F,NF,F,NF,PF,F,NF,F,F,PF,PF,PF,PF,PF,PF,NF,PF,PF,NF,NF,NF,F,F,NF,NF,PF,NF,PF,PF,PF,NF,F,NF,,PF,NF,F,,F,,F,NF,F,PF,PF,PF,PF,NF,NF,F,NF,PF,F,F,NF,PF,F,,,F,F,F,PF,NF,PF,PF,PF,NF,PF,PF,F,PF,PF,NF,NF,F,F,,PF,F,F,NF,NF,PF,F,PF,PF,NF,NF,F,PF,PF,PF,PF,F,F,F,PF,NF,PF,NF,PF,F,F,F,PF,F,NF,F,PF,F,PF,PF,NF,PF,NF,PF,F,PF,F,F,PF,PF,PF,NF,F,NF,NF,F,PF,F,PF,PF,PF,F,F,NF,PF,NF,NF,F,F,F,F,F,F,NF,PF,PF,,PF,PF,NF,F,F,F,NF,,PF,PF,PF,F,NF,NF,F,NF,F,F,NF,F,NF,PF,PF,NF,PF,NF,F,,F,PF,PF,NF,F,PF,PF,NF,F,F,F,,NF,F,NF,NF,NF,NF,,,,PF,NF
2012,ALegal,20,15,21,1,19,9,13,19,4,8,27,3,28,15,3,29,2,8,11,18,14,9,11,13,28,11,13,23,23,21,5,6,20,23,8,29,11,14,16,26,5,17,,9,29,6,,4,,2,24,6,7,21,22,10,27,30,5,28,18,4,5,24,12,6,,,8,12,7,16,18,19,9,14,17,11,12,3,10,16,30,23,5,7,,12,4,4,21,29,16,6,14,20,20,26,6,18,14,15,15,1,6,2,17,20,17,24,18,13,4,2,14,7,16,2,16,3,13,9,24,13,23,9,4,16,1,3,14,15,13,30,3,25,19,1,17,6,18,14,13,9,5,20,12,25,24,4,3,4,7,4,4,29,20,9,,17,14,24,6,6,6,27,,10,9,16,5,23,26,6,24,2,4,29,9,25,18,21,28,11,22,10,,6,18,21,30,3,19,19,24,7,3,8,,30,6,27,29,28,25,,,,17,25
2012,BPolitical,28,17,23,4,28,16,23,22,10,8,33,9,37,22,9,36,4,9,12,20,22,23,17,22,25,15,16,28,24,24,9,9,23,31,14,32,26,20,23,33,7,25,,16,35,10,,8,,5,27,11,20,25,24,17,37,40,4,35,26,3,10,25,20,7,,,10,19,11,25,27,29,14,17,30,15,13,5,19,18,38,28,6,15,,11,8,14,23,32,20,9,18,23,29,33,12,21,19,21,27,5,8,4,22,30,19,23,21,21,9,6,17,10,31,8,18,7,12,17,24,14,24,12,11,27,6,7,20,18,23,37,3,27,29,6,19,12,25,18,20,10,6,25,16,32,32,9,8,7,13,5,11,30,18,16,,20,19,22,9,11,11,35,,15,13,27,14,32,32,12,28,4,3,37,9,29,18,25,35,11,27,9,,12,18,24,37,11,22,21,27,9,10,10,,37,11,29,33,34,31,,,,24,26
2012,CEconomic,19,17,17,8,21,13,16,20,7,5,22,7,21,16,6,28,5,5,11,20,12,17,13,11,22,11,13,21,19,21,6,12,19,22,9,22,16,15,17,24,6,19,,15,28,9,,7,,5,23,7,13,15,16,14,27,24,7,19,12,4,7,22,17,4,,,10,10,5,18,17,17,10,18,15,9,11,6,9,15,24,16,5,9,,10,6,6,19,23,17,12,17,16,20,25,10,14,16,20,17,8,10,6,17,16,17,17,16,12,9,9,16,13,14,11,19,6,12,10,18,15,25,10,13,15,4,6,17,17,15,29,4,19,16,9,12,10,18,11,10,7,6,22,14,24,24,7,4,6,9,7,13,25,14,11,,19,16,21,7,7,11,22,,10,9,17,8,19,22,6,25,4,5,22,8,25,15,16,20,13,21,10,,8,16,11,29,12,14,20,23,5,5,8,,28,8,20,22,22,23,,,,19,26
2012,Total Score,67,49,61,13,68,38,52,61,21,21,82,19,86,53,18,93,11,22,34,58,48,49,41,46,75,37,42,72,66,66,20,27,62,76,31,83,53,49,56,83,18,61,,40,92,25,,19,,12,74,24,40,61,62,41,91,94,16,82,56,11,22,71,49,17,,,28,41,23,59,62,65,33,49,62,35,36,14,38,49,92,67,16,31,,33,18,24,63,84,53,27,49,59,69,84,28,53,49,56,59,14,24,12,56,66,53,64,55,46,22,17,47,30,61,21,53,16,37,36,66,42,72,31,28,58,11,16,51,50,51,96,10,71,64,16,48,28,61,43,43,26,17,67,42,81,80,20,15,17,29,16,28,84,52,36,,56,49,67,22,24,28,84,,35,31,60,27,74,80,24,77,10,12,88,26,79,51,62,83,35,70,29,,26,52,56,96,26,55,60,74,21,18,26,,95,25,76,84,84,79,,,,60,77
2012,Status,NF,PF,NF,F,NF,PF,PF,NF,F,F,NF,F,NF,PF,F,NF,F,F,PF,PF,PF,PF,PF,PF,NF,PF,PF,NF,NF,NF,F,F,NF,NF,PF,NF,PF,PF,PF,NF,F,NF,,PF,NF,F,,F,,F,NF,F,PF,NF,NF,PF,NF,NF,F,NF,PF,F,F,NF,PF,F,,,F,PF,F,PF,NF,NF,PF,PF,NF,PF,PF,F,PF,PF,NF,NF,F,PF,,PF,F,F,NF,NF,PF,F,PF,PF,NF,NF,F,PF,PF,PF,PF,F,F,F,PF,NF,PF,NF,PF,PF,F,F,PF,F,NF,F,PF,F,PF,PF,NF,PF,NF,PF,F,PF,F,F,PF,PF,PF,NF,F,NF,NF,F,PF,F,NF,PF,PF,F,F,NF,PF,NF,NF,F,F,F,F,F,F,NF,PF,PF,,PF,PF,NF,F,F,F,NF,,PF,PF,PF,F,NF,NF,F,NF,F,F,NF,F,NF,PF,NF,NF,PF,NF,F,,F,PF,PF,NF,F,PF,PF,NF,F,F,F,,NF,F,NF,NF,NF,NF,,,,PF,NF
2013,ALegal,20,15,20,1,19,9,14,19,5,8,28,4,28,15,3,29,2,8,12,18,14,10,11,13,28,11,14,24,23,22,5,6,24,22,8,29,11,14,16,24,5,15,,9,28,5,,4,,2,24,6,8,22,22,9,27,30,5,27,18,4,5,24,12,6,,,8,14,8,17,19,19,10,14,18,12,11,3,10,16,30,23,5,7,,12,3,5,22,29,17,6,14,20,19,26,6,18,13,16,16,1,6,2,17,20,17,24,18,9,5,2,14,7,16,2,16,3,13,10,24,13,22,9,5,16,1,3,14,15,14,30,3,25,19,1,17,6,17,14,13,9,5,20,12,25,22,4,3,4,7,4,4,29,18,9,,16,14,24,7,6,6,26,,9,9,16,6,23,26,8,25,2,4,29,9,25,18,21,28,11,20,10,,6,18,23,30,3,19,19,25,8,6,8,,30,6,26,29,27,24,,,,18,24
2013,BPolitical,27,17,22,4,29,17,21,23,10,8,34,9,37,23,9,36,4,9,11,21,22,23,17,21,25,16,17,29,24,23,8,9,32,31,14,33,27,20,24,31,7,21,,16,34,11,,8,,5,28,11,20,25,30,16,36,40,4,35,24,3,10,24,19,7,,,10,20,11,25,28,29,13,18,31,16,13,4,20,18,36,30,6,14,,10,8,14,26,33,23,9,18,23,27,33,11,21,18,21,29,5,8,4,21,27,18,23,21,20,9,6,19,10,31,8,18,6,12,18,24,17,24,12,12,24,5,8,21,20,22,38,3,27,29,6,20,13,24,18,21,11,7,25,15,32,33,9,8,7,13,5,11,29,16,16,,19,19,22,9,11,11,34,,14,14,29,14,33,33,13,28,4,3,38,9,30,22,27,35,11,25,9,,11,19,26,36,11,24,24,28,10,10,10,,37,11,30,33,33,29,,,,24,25
2013,CEconomic,19,17,17,8,21,13,16,20,7,5,22,7,22,16,6,28,5,5,13,20,12,17,13,11,22,12,13,21,19,21,6,12,21,22,9,22,16,15,17,24,6,19,,15,28,9,,8,,5,23,8,13,15,16,14,27,24,7,19,12,4,7,22,16,4,,,10,12,5,18,17,19,11,18,15,9,11,5,9,15,24,16,5,9,,9,6,6,20,23,17,14,17,16,20,25,10,14,16,21,17,8,10,6,19,16,16,17,16,8,9,9,15,13,14,11,19,6,12,11,18,15,24,10,14,15,4,7,17,17,15,29,4,19,16,8,13,10,18,12,10,7,6,22,14,24,24,7,4,6,9,7,13,25,14,12,,17,16,21,7,7,11,22,,10,9,17,8,20,22,7,25,4,5,22,8,25,15,16,20,13,20,10,,8,16,13,29,13,15,20,23,5,5,8,,28,8,22,22,22,23,,,,19,24
2013,Total Score,66,49,59,13,69,39,51,62,22,21,84,20,87,54,18,93,11,22,36,59,48,50,41,45,75,39,44,74,66,66,19,27,77,75,31,84,54,49,57,79,18,55,,40,90,25,,20,,12,75,25,41,62,68,39,90,94,16,81,54,11,22,70,47,17,,,28,46,24,60,64,67,34,50,64,37,35,12,39,49,90,69,16,30,,31,17,25,68,85,57,29,49,59,66,84,27,53,47,58,62,14,24,12,57,63,51,64,55,37,23,17,48,30,61,21,53,15,37,39,66,45,70,31,31,55,10,18,52,52,51,97,10,71,64,15,50,29,59,44,44,27,18,67,41,81,79,20,15,17,29,16,28,83,48,37,,52,49,67,23,24,28,82,,33,32,62,28,76,81,28,78,10,12,89,26,80,55,64,83,35,65,29,,25,53,62,95,27,58,63,76,23,21,26,,95,25,78,84,82,76,,,,61,73
2013,Status,NF,PF,PF,F,NF,PF,PF,NF,F,F,NF,F,NF,PF,F,NF,F,F,PF,PF,PF,PF,PF,PF,NF,PF,PF,NF,NF,NF,F,F,NF,NF,PF,NF,PF,PF,PF,NF,F,PF,,PF,NF,F,,F,,F,NF,F,PF,NF,NF,PF,NF,NF,F,NF,PF,F,F,NF,PF,F,,,F,PF,F,PF,NF,NF,PF,PF,NF,PF,PF,F,PF,PF,NF,NF,F,F,,PF,F,F,NF,NF,PF,F,PF,PF,NF,NF,F,PF,PF,PF,NF,F,F,F,PF,NF,PF,NF,PF,PF,F,F,PF,F,NF,F,PF,F,PF,PF,NF,PF,NF,PF,PF,PF,F,F,PF,PF,PF,NF,F,NF,NF,F,PF,F,PF,PF,PF,F,F,NF,PF,NF,NF,F,F,F,F,F,F,NF,PF,PF,,PF,PF,NF,F,F,F,NF,,PF,PF,NF,F,NF,NF,F,NF,F,F,NF,F,NF,PF,NF,NF,PF,NF,F,,F,PF,NF,NF,F,PF,NF,NF,F,F,F,,NF,F,NF,NF,NF,NF,,,,NF,NF
2014,ALegal,20,15,21,1,19,9,15,19,5,8,29,5,28,16,3,29,2,8,14,18,14,10,12,13,28,11,18,24,23,22,5,6,21,22,8,30,12,14,24,17,4,14,30,9,28,5,,4,,2,24,6,8,23,24,9,27,30,5,28,18,4,5,24,12,6,,,8,16,7,18,19,17,11,15,19,13,11,4,11,16,30,23,5,7,,12,3,5,22,29,17,6,14,20,20,26,7,20,13,17,22,1,7,2,18,19,16,25,17,8,5,2,15,7,18,2,17,3,13,10,24,12,23,9,5,16,2,4,14,15,14,30,3,25,19,1,17,6,16,15,14,9,5,21,12,25,22,4,3,4,8,4,4,29,18,11,,16,15,24,7,7,6,25,14,10,10,18,6,23,26,8,25,2,4,29,9,25,18,27,27,11,19,10,,7,16,24,30,3,19,14,25,9,6,6,,30,6,26,30,27,24,,,,18,23
2014,BPolitical,28,17,23,4,30,16,20,22,10,8,36,9,37,22,9,36,4,9,11,21,21,24,19,21,25,15,13,29,27,23,7,9,29,30,14,34,27,20,31,25,7,20,38,16,35,11,,8,,5,28,11,21,26,33,16,36,40,4,36,22,3,11,24,20,8,,,10,21,11,24,28,24,14,17,34,18,14,6,20,18,36,33,6,14,,10,8,14,24,33,23,9,18,23,27,33,10,21,19,22,33,5,8,4,21,24,17,23,22,19,9,6,20,10,31,8,19,6,12,18,24,17,27,14,13,24,5,8,21,19,23,38,3,27,30,6,19,14,25,20,20,10,7,24,15,34,34,9,8,7,13,5,11,29,16,17,,17,19,22,9,10,11,34,21,17,14,33,14,33,33,14,28,4,4,38,10,32,21,31,34,11,23,9,,12,16,27,36,11,23,26,28,9,11,10,,37,11,31,34,35,31,,,,25,23
2014,CEconomic,19,17,17,8,21,13,16,20,7,6,22,7,22,16,6,28,5,5,13,20,12,17,13,11,22,12,13,21,19,21,6,12,22,22,9,22,16,15,24,17,6,19,26,15,28,9,,9,,5,23,8,13,15,16,14,27,24,7,19,12,4,7,22,16,4,,,10,14,5,18,17,18,11,18,15,10,12,6,9,15,24,16,5,9,,9,6,6,20,23,17,14,17,16,20,25,11,14,16,21,18,8,10,6,19,16,16,17,16,10,9,9,15,13,14,11,19,6,12,11,18,15,23,10,14,15,4,7,17,17,16,29,4,19,16,8,13,9,18,12,10,7,6,22,15,24,23,7,4,6,9,7,13,25,14,12,,17,16,21,8,8,11,20,19,10,9,17,8,20,22,7,26,4,5,23,8,25,15,17,20,13,20,10,,8,16,14,29,13,14,18,23,6,5,8,,28,8,24,22,22,23,,,,19,24
2014,Total Score,67,49,61,13,70,38,51,61,22,22,87,21,87,54,18,93,11,22,38,59,47,51,44,45,75,38,44,74,69,66,18,27,72,74,31,86,55,49,79,59,17,53,94,40,91,25,,21,,12,75,25,42,64,73,39,90,94,16,83,52,11,23,70,48,18,,,28,51,23,60,64,59,36,50,68,41,37,16,40,49,90,72,16,30,,31,17,25,66,85,57,29,49,59,67,84,28,55,48,60,73,14,25,12,58,59,49,65,55,37,23,17,50,30,63,21,55,15,37,39,66,44,73,33,32,55,11,19,52,51,53,97,10,71,65,15,49,29,59,47,44,26,18,67,42,83,79,20,15,17,30,16,28,83,48,40,,50,50,67,24,25,28,79,54,37,33,68,28,76,81,29,79,10,13,90,27,82,54,75,81,35,62,29,,27,48,65,95,27,56,58,76,24,22,24,,95,25,81,86,84,78,,,,62,70
2014,Status,NF,PF,NF,F,NF,PF,PF,NF,F,F,NF,F,NF,PF,F,NF,F,F,PF,PF,PF,PF,PF,PF,NF,PF,PF,NF,NF,NF,F,F,NF,NF,PF,NF,PF,PF,NF,PF,F,PF,NF,PF,NF,F,,F,,F,NF,F,PF,NF,NF,PF,NF,NF,F,NF,PF,F,F,NF,PF,F,,,F,PF,F,PF,NF,PF,PF,PF,NF,PF,PF,F,PF,PF,NF,NF,F,F,,PF,F,F,NF,NF,PF,F,PF,PF,NF,NF,F,PF,PF,PF,NF,F,F,F,PF,PF,PF,NF,PF,PF,F,F,PF,F,NF,F,PF,F,PF,PF,NF,PF,NF,PF,PF,PF,F,F,PF,PF,PF,NF,F,NF,NF,F,PF,F,PF,PF,PF,F,F,NF,PF,NF,NF,F,F,F,F,F,F,NF,PF,PF,,PF,PF,NF,F,F,F,NF,PF,PF,PF,NF,F,NF,NF,F,NF,F,F,NF,F,NF,PF,NF,NF,PF,NF,F,,F,PF,NF,NF,F,PF,PF,NF,F,F,F,,NF,F,NF,NF,NF,NF,,,,NF,NF
2015,ALegal,18,15,22,1,20,8,14,20,6,8,29,5,28,18,3,29,2,8,13,18,15,10,12,13,28,12,16,25,23,22,5,6,21,22,8,30,13,14,17,24,4,14,30,9,28,5,,4,,2,24,6,8,23,25,9,27,30,5,28,16,4,6,24,13,6,,,8,15,8,18,19,18,11,16,18,13,12,4,11,16,30,23,5,7,,12,3,5,22,28,17,6,14,20,20,26,7,20,13,16,22,1,6,3,19,19,15,26,18,8,5,2,16,6,19,2,17,3,13,11,23,12,23,9,9,16,2,5,14,16,14,30,2,25,19,1,17,7,15,15,14,9,5,21,9,25,23,4,3,4,7,4,4,29,19,12,,16,16,24,7,6,5,25,14,9,10,18,6,19,25,8,25,2,4,29,9,26,18,27,29,11,19,10,,7,17,26,30,3,18,13,25,9,6,6,,30,6,26,30,27,26,,,,19,24
2015,BPolitical,26,18,23,4,30,16,20,23,10,9,38,10,37,27,9,34,4,9,12,20,21,23,19,22,25,16,12,33,27,22,7,9,28,30,13,35,26,20,25,30,7,19,38,18,35,10,,8,,6,28,12,21,27,35,17,36,40,4,36,20,3,15,22,20,10,,,12,20,11,23,29,24,14,18,34,17,15,5,21,18,36,32,6,14,,10,8,15,24,33,24,10,18,23,27,33,10,22,20,21,34,5,7,4,24,23,15,24,24,19,9,6,20,10,31,8,21,6,12,18,25,19,28,14,18,23,5,8,23,20,22,38,3,27,29,6,18,13,25,19,20,11,7,26,16,34,34,9,8,7,13,5,11,32,16,21,,16,21,22,9,8,11,34,21,17,14,31,14,26,36,13,30,5,4,38,9,32,22,33,36,11,21,9,,12,18,30,37,11,24,24,30,9,10,11,,37,11,30,33,34,34,,,,23,25
2015,CEconomic,18,18,17,8,21,11,16,20,7,6,22,7,22,16,6,28,5,5,13,20,13,17,14,11,23,12,13,22,19,21,6,12,22,22,8,22,17,15,17,24,6,18,26,15,28,9,,9,,4,23,8,13,16,17,13,28,24,7,19,12,4,7,22,16,4,,,11,13,5,17,17,18,11,18,15,9,13,6,9,15,24,16,6,11,,9,7,6,20,23,17,14,17,16,20,25,11,14,16,21,19,8,10,6,19,16,15,17,16,10,9,9,15,13,14,11,18,6,12,12,18,15,22,10,14,15,4,7,17,17,15,29,4,19,16,8,11,9,18,12,10,8,6,22,13,24,22,7,4,6,9,7,13,25,14,12,,17,16,21,8,9,11,20,19,10,9,17,8,19,24,7,27,4,5,23,8,25,15,17,22,13,20,10,,8,17,15,29,13,15,16,23,7,5,8,,28,8,24,22,22,23,,,,19,25
2015,Total Score,62,51,62,13,71,35,50,63,23,23,89,22,87,61,18,91,11,22,38,58,49,50,45,46,76,40,41,80,69,65,18,27,71,74,29,87,56,49,59,78,17,51,94,42,91,24,,21,,12,75,26,42,66,77,39,91,94,16,83,48,11,28,68,49,20,,,31,48,24,58,65,60,36,52,67,39,40,15,41,49,90,71,17,32,,31,18,26,66,84,58,30,49,59,67,84,28,56,49,58,75,14,23,13,62,58,45,67,58,37,23,17,51,29,64,21,56,15,37,41,66,46,73,33,41,54,11,20,54,53,51,97,9,71,64,15,46,29,58,46,44,28,18,69,38,83,79,20,15,17,29,16,28,86,49,45,,49,53,67,24,23,27,79,54,36,33,66,28,64,85,28,82,11,13,90,26,83,55,77,87,35,60,29,,27,52,71,96,27,57,53,78,25,21,25,,95,25,80,85,83,83,,,,61,74
2015,Status,NF,PF,NF,F,NF,PF,PF,NF,F,F,NF,F,NF,NF,F,NF,F,F,PF,PF,PF,PF,PF,PF,NF,PF,PF,NF,NF,NF,F,F,NF,NF,F,NF,PF,PF,PF,NF,F,PF,NF,PF,NF,F,,F,,F,NF,F,PF,NF,NF,PF,NF,NF,F,NF,PF,F,F,NF,PF,F,,,PF,PF,F,PF,NF,PF,PF,PF,NF,PF,PF,F,PF,PF,NF,NF,F,PF,,PF,F,F,NF,NF,PF,F,PF,PF,NF,NF,F,PF,PF,PF,NF,F,F,F,NF,PF,PF,NF,PF,PF,F,F,PF,F,NF,F,PF,F,PF,PF,NF,PF,NF,PF,PF,PF,F,F,PF,PF,PF,NF,F,NF,NF,F,PF,F,PF,PF,PF,F,F,NF,PF,NF,NF,F,F,F,F,F,F,NF,PF,PF,,PF,PF,NF,F,F,F,NF,PF,PF,PF,NF,F,NF,NF,F,NF,F,F,NF,F,NF,PF,NF,NF,PF,PF,F,,F,PF,NF,NF,F,PF,PF,NF,F,F,F,,NF,F,NF,NF,NF,NF,,,,NF,NF
2016,ALegal,17,15,22,2,22,8,13,20,6,8,29,5,28,19,3,28,3,8,13,18,16,11,12,14,28,12,16,25,24,22,5,6,21,22,8,30,13,14,17,25,4,14,30,9,28,4,,4,,2,24,6,8,23,26,10,27,30,5,29,16,4,6,24,13,6,,,9,13,9,18,20,17,11,17,18,13,12,4,11,16,30,23,6,8,,12,3,5,22,28,17,6,13,21,20,26,7,20,13,17,22,2,6,3,19,19,15,26,21,8,5,2,17,6,19,2,17,3,13,13,23,12,23,9,10,16,2,4,14,16,14,30,2,25,19,1,17,7,16,14,14,11,4,21,9,25,23,4,3,5,7,4,4,29,18,15,,16,18,24,8,6,5,25,13,8,11,19,6,17,26,8,26,2,4,29,9,28,21,27,29,11,18,10,,7,18,27,30,3,18,13,25,9,6,6,,30,6,26,30,28,26,,,,19,24
2016,BPolitical,27,19,24,5,30,15,18,23,9,8,39,11,37,27,10,30,3,13,11,20,23,23,19,22,25,17,12,37,27,23,7,9,28,30,13,34,26,20,25,32,6,19,38,17,35,10,,8,,6,29,11,21,27,34,18,36,40,4,38,16,4,13,25,21,10,,,13,18,12,23,29,24,16,17,33,20,17,5,22,18,36,32,6,14,,10,9,16,26,34,24,10,19,23,27,34,8,21,22,22,35,5,6,5,25,23,15,25,25,19,9,6,20,10,31,8,21,6,12,19,25,21,29,13,20,21,5,8,24,19,22,39,3,27,30,6,15,13,24,19,20,14,7,27,16,34,34,10,10,9,13,6,11,32,15,21,,16,20,22,9,8,11,34,21,20,14,33,14,25,36,13,30,5,4,38,8,33,22,33,35,11,19,10,,11,18,33,38,11,25,25,30,9,12,10,,37,11,31,33,34,36,,,,24,25
2016,CEconomic,16,17,19,8,21,11,15,20,7,6,22,7,22,16,6,25,6,6,13,20,14,17,14,11,23,13,13,23,19,21,6,12,22,22,8,23,18,15,18,25,6,18,26,15,28,9,,9,,4,24,8,13,16,17,13,28,24,7,19,12,4,7,22,16,4,,,11,13,5,17,17,18,11,18,15,9,15,6,10,15,24,16,6,11,,9,7,6,20,23,17,14,16,16,20,25,11,15,16,21,20,8,9,6,20,16,15,18,16,10,9,9,16,13,14,11,18,7,12,12,18,15,21,10,16,15,4,7,17,17,15,29,3,19,16,8,9,9,19,12,10,9,6,22,13,24,22,7,4,7,9,7,13,25,14,13,,17,16,21,9,9,11,20,19,10,9,18,8,19,24,7,27,4,5,23,8,26,15,17,23,13,20,10,,7,18,16,30,13,15,15,23,7,5,8,,28,8,24,21,22,23,,,,20,25
2016,Total Score,60,51,65,15,73,34,46,63,22,22,90,23,87,62,19,83,12,27,37,58,53,51,45,47,76,42,41,85,70,66,18,27,71,74,29,87,57,49,60,82,16,51,94,41,91,23,,21,,12,77,25,42,66,77,41,91,94,16,86,44,12,26,71,50,20,,,33,44,26,58,66,59,38,52,66,42,44,15,43,49,90,71,18,33,,31,19,27,68,85,58,30,48,60,67,85,26,56,51,60,77,15,21,14,64,58,45,69,62,37,23,17,53,29,64,21,56,16,37,44,66,48,73,32,46,52,11,19,55,52,51,98,8,71,65,15,41,29,59,45,44,34,17,70,38,83,79,21,17,21,29,17,28,86,47,49,,49,54,67,26,23,27,79,53,38,34,70,28,61,86,28,83,11,13,90,25,87,58,77,87,35,57,30,,25,54,76,98,27,58,53,78,25,23,24,,95,25,81,84,84,85,,,,63,74
2016,Status,PF,PF,NF,F,NF,PF,PF,NF,F,F,NF,F,NF,NF,F,NF,F,F,PF,PF,PF,PF,PF,PF,NF,PF,PF,NF,NF,NF,F,F,NF,NF,F,NF,PF,PF,PF,NF,F,PF,NF,PF,NF,F,,F,,F,NF,F,PF,NF,NF,PF,NF,NF,F,NF,PF,F,F,NF,PF,F,,,PF,PF,F,PF,NF,PF,PF,PF,NF,PF,PF,F,PF,PF,NF,NF,F,PF,,PF,F,F,NF,NF,PF,F,PF,PF,NF,NF,F,PF,PF,PF,NF,F,F,F,NF,PF,PF,NF,NF,PF,F,F,PF,F,NF,F,PF,F,PF,PF,NF,PF,NF,PF,PF,PF,F,F,PF,PF,PF,NF,F,NF,NF,F,PF,F,PF,PF,PF,PF,F,NF,PF,NF,NF,F,F,F,F,F,F,NF,PF,PF,,PF,PF,NF,F,F,F,NF,PF,PF,PF,NF,F,NF,NF,F,NF,F,F,NF,F,NF,PF,NF,NF,PF,PF,F,,F,PF,NF,NF,F,PF,PF,NF,F,F,F,,NF,F,NF,NF,NF,NF,,,,NF,NF